video_id,view_count,like_count,comment_count,duration_seconds,Year,Month,Day,Weekday,Time,Cleaned_Title,Duration_Category
kk5zEOQzTmQ,1860,61,5,1264.0,2025,8,19,Tuesday,12:01:22,Data Visualization and Presentation in R R for Data Analytics Series,Long
yhlqKsYpzgE,0,8,0,0.0,2025,8,18,Monday,01:01:35,Alex The Analyst QA Livestream Come Ask Me Anything,Short
TP2OJuZhbIQ,5823,203,12,38.0,2025,8,15,Friday,11:46:04,Things I Learned as a Data Analyst p1,Short
Mi8st3hyMH8,2777,109,8,3967.0,2025,8,14,Thursday,14:18:24,Alex The Analyst QA Livestream Come Ask Me Anything,Long
vAKs1-EEJ38,1752,59,2,488.0,2025,8,12,Tuesday,12:01:49,How to Remove Duplicates in an R Dataframe R for Data Analytics Series,Medium
-Z2KjOUcvTA,3072,112,19,3944.0,2025,8,7,Thursday,14:31:54,Alex The Analyst QA Livestream Come Ask Me Anything,Long
v5jasYkmwZI,1533,37,5,506.0,2025,8,5,Tuesday,12:01:44,Standardizing and Parsing Dates in R using Lubridate R for Data Analytics Series,Medium
kqhJff8ruKw,15599,611,28,58.0,2025,8,1,Friday,12:53:29,Traditional applying to jobs is dead,Short
QR8kxf925IQ,3396,149,13,4211.0,2025,7,31,Thursday,14:45:09,Alex The Analyst QA Livestream Come Ask Me Anything,Long
klKWFqsqFeI,1822,53,7,790.0,2025,7,29,Tuesday,12:01:31,Handling Missing Data in R R for Data Analytics Series,Medium
XIWe4vCtHcY,3781,141,6,3848.0,2025,7,24,Thursday,14:06:55,Alex The Analyst QA Livestream Come Ask Me Anything,Long
PqCp1f0RIaU,37014,1530,35,48.0,2025,7,23,Wednesday,12:47:30,Dont jump into Power BI first,Short
0B-lz9VQkYs,1964,42,5,497.0,2025,7,22,Tuesday,12:00:02,Grouping and Aggregating Data in R R for Data Analytics Series,Medium
_YG8b1g-QJA,5976,191,5,51.0,2025,7,18,Friday,12:11:49,Getting Buyin is a very difficult skill to learn,Short
UT_hTGge_wc,4542,200,14,4969.0,2025,7,17,Thursday,14:41:40,Alex The Analyst QA Livestream Come Ask Me Anything,Long
A42T_b0gwF4,2366,63,6,827.0,2025,7,15,Tuesday,12:00:18,Filtering and Ordering Data in R R for Data Analytics Series,Medium
8NfozskpBtY,12573,656,10,73.0,2025,7,11,Friday,11:34:46,If I got hired today heres exactly what I would do,Short
lpK71OwmG0s,5258,238,19,4578.0,2025,7,10,Thursday,14:21:00,Alex The Analyst QA Livestream Come Ask Me Anything,Long
QC1Jased-PA,2021,65,6,620.0,2025,7,8,Tuesday,12:00:56,Reading and Writing Files in R R for Data Analytics Series,Medium
O5nQKzBb0oc,3608,90,8,708.0,2025,7,1,Tuesday,12:00:58,Operators in R R for Data Analytics Series,Medium
73S2SJSTgQU,5686,110,9,689.0,2025,6,24,Tuesday,12:00:13,Basics of R Environment Variables Data Types R for Data Analytics Series,Medium
TsnGd6p9oTk,7241,188,13,359.0,2025,6,17,Tuesday,12:00:48,Installing R and R Studio R for Data Analytics Series,Medium
DsI1vG-kXR8,22965,948,42,407.0,2025,6,10,Tuesday,12:00:19,Best Resources to Learn Data Analytics in 2025,Medium
4lhPHhPkVLM,12400,359,30,268.0,2025,6,3,Tuesday,12:00:19,Best Resources to Learn Data Visualization in 2025,Short
dkU5n0G7FRQ,14820,688,16,289.0,2025,5,27,Tuesday,12:01:27,Best Resources to Learn Excel in 2025,Short
kagUDLvrcZ8,21761,794,54,309.0,2025,5,20,Tuesday,12:01:32,Best Resources to Learn Python in 2025,Medium
P5uJYPjUtlc,26401,937,35,371.0,2025,5,13,Tuesday,12:00:49,Best Resources to Learn SQL in 2025,Medium
dStNNjOKML4,4839,179,18,621.0,2025,5,6,Tuesday,12:01:11,How to Practice for General Technical Interviews Analyst Builder,Medium
OQM9x6E3ojo,3357,101,12,262.0,2025,4,29,Tuesday,12:00:46,How to Lie with Data Biased Data Collection,Short
z39SB95JbDo,3418,127,16,213.0,2025,4,22,Tuesday,12:01:50,How to Lie with Data Correlations,Short
W5CQb7klLCs,3812,158,8,252.0,2025,4,15,Tuesday,12:00:53,How to Lie with Data Cherry Picking Data,Short
xb5-UX-jYw0,4305,221,15,407.0,2025,4,8,Tuesday,12:01:32,How to Lie with Data Averages,Medium
V3ouFOBQP0k,4547,222,11,318.0,2025,4,1,Tuesday,12:00:46,How to Lie with Data Percentages and Baseline Numbers,Medium
oi9W142ELN0,3227,242,79,460.0,2025,3,25,Tuesday,12:01:10,1 Million YouTube Play Button Unboxing,Medium
5n52mlp9Ym0,8961,255,41,315.0,2025,3,24,Monday,12:00:07,Maven Analytics Analyst Builder Lifetime Access Ends March 31st,Medium
hgp91KvbJV4,5585,287,22,326.0,2025,3,18,Tuesday,12:01:07,How to Lie with Data Misleading Graphs,Medium
1ql4kNv0_qY,8293,428,24,471.0,2025,3,11,Tuesday,12:00:02,Where to find the Best Healthcare Data,Medium
r5512UY3MTc,10329,673,68,6014.0,2025,3,5,Wednesday,17:07:10,1 Million Subscriber Livestream Giveaways Chat,Long
XuOcmjIbFGg,9734,441,32,916.0,2025,3,4,Tuesday,13:00:44,Taking a look at Real Healthcare Data ICD11 CPT HCPCS Claims,Medium
Ka2mDrKEAhg,31448,1522,149,1072.0,2025,2,25,Tuesday,13:00:21,How to Become a Healthcare Analyst in 2025,Medium
k8nBWL6K884,30545,1431,85,656.0,2025,2,18,Tuesday,13:01:11,What is Healthcare Analytics,Medium
WpX2F2BS3Qc,29506,966,28,424.0,2025,2,11,Tuesday,13:00:47,What is Data Cleaning Data Fundamentals for Beginners,Medium
cd_jj0IRmaA,16082,595,16,283.0,2025,2,4,Tuesday,13:00:52,What is Data Collection Data Fundamentals for Beginners,Short
OcG0B4ny1cE,10934,390,9,387.0,2025,1,28,Tuesday,13:00:34,What are File Types Data Fundamentals for Beginners,Medium
hXpt8zj_ajc,11859,453,18,294.0,2025,1,21,Tuesday,13:00:55,What are Data Types Data Fundamentals for Beginners,Short
ItZlTixh6Bs,21685,1013,34,346.0,2025,1,14,Tuesday,13:00:34,What are KPIs and Metrics Data Fundamental for Beginners,Medium
PEWMgtu-1e4,21506,893,38,416.0,2025,1,7,Tuesday,13:00:35,What is Data Data Fundamentals for Beginners,Medium
hCmEfxy-BXg,8913,305,68,2092.0,2024,12,31,Tuesday,13:01:01,Is Big Tech Overrated in 2025 Alex The Analyst Show Episode 28,Long
TtCBz1lutsY,15462,742,36,718.0,2024,12,24,Tuesday,13:00:39,Most Commonly Asked Questions by Aspiring Data Analysts,Medium
Ihmq-qeA5Pc,8706,382,125,2237.0,2024,12,17,Tuesday,13:30:12,My Career Progression 7 Years Recreational Therapist to Data Analyst Alex The Analyst Show 27,Long
wQQR60KtnFY,691915,27719,946,84768.0,2024,12,10,Tuesday,05:00:49,Ultimate Data Analyst Bootcamp 24 Hours for FREE SQL Excel Tableau Power BI Python Azure,Long
oHte3qFa-oY,26317,737,40,6097.0,2024,12,3,Tuesday,13:00:56,Learn AWS for Analytics in Under 2 Hours S3 Athena Glue Glue DataBrew Quicksight,Long
P7p2OZj9ewU,17110,415,24,4637.0,2024,11,26,Tuesday,13:00:27,Learn Azure for Analytics in Under 90 Minutes Azure Synapse Analytics SQL Databases ADF More,Long
I0vQ_VLZTWg,401184,6622,210,7518.0,2024,11,19,Tuesday,13:00:31,Learn Power BI in Under 3 Hours Formatting Visualizations Dashboards Full Project,Long
tnz72ywhCoo,6189,185,16,501.0,2024,11,12,Tuesday,13:01:10,Coding with R and AI Now on Analyst Builder,Medium
j8FSP8XuFyk,167581,2990,88,5410.0,2024,11,5,Tuesday,13:01:16,Learn Tableau in Under 2 hours Dashboards Relationships Visualizations Mini Project,Long
zXnQNytHCPM,82600,1988,80,9516.0,2024,10,29,Tuesday,12:01:19,Learn Excel in Under 3 Hours Pivot Tables Lookups Data Cleaning,Long
osA1QpBcxRs,21495,2008,61,36.0,2024,10,24,Thursday,12:17:57,Nobody cares so just do it,Short
Mdq1WWSdUtw,84024,2012,56,9607.0,2024,10,22,Tuesday,12:00:28,Learn Pandas in Under 3 Hours Filtering Joins Indexing Data Cleaning Visualizations,Long
CZt2BUpgjgw,15207,1146,41,31.0,2024,10,17,Thursday,11:52:50,Free Data Analyst Bootcamp 2024,Short
t1fQBD4B7xk,52005,1384,49,9121.0,2024,10,15,Tuesday,12:01:10,Learn Python in Under 3 Hours Variables For Loops Web Scraping Full Project,Long
OT1RErkfLNQ,870321,18037,698,14698.0,2024,10,8,Tuesday,12:00:27,Learn SQL Beginner to Advanced in Under 4 Hours,Long
rxyLC247h6E,25769,369,13,730.0,2024,10,1,Tuesday,12:00:58,AWS Quicksight AWS Essentials,Medium
AycpRKyRagE,10635,168,12,2732.0,2024,9,24,Tuesday,12:00:16,AWS Glue DataBrew and Glue AWS Essentials,Long
K2GfrERtliU,16609,291,11,1473.0,2024,9,17,Tuesday,12:00:24,Amazon Athena in AWS AWS Fundamentals,Long
xmVyaT-RuVo,6011,198,8,4516.0,2024,9,11,Wednesday,03:20:13,Alex Freberg and Ben Rogojan Livestream Everything Data Analytics and Data Engineering,Long
amb9bciHGSI,24004,826,96,500.0,2024,9,3,Tuesday,12:00:05,Landing a Data Job Course on Analyst Builder,Medium
hgaVi4sOHkM,12274,222,13,878.0,2024,8,27,Tuesday,12:00:47,S3 Storage in AWS AWS Essentials,Medium
YSjbGET6R1A,14221,311,14,441.0,2024,8,20,Tuesday,12:00:41,AWS Setup and UI Walkthough AWS,Medium
vDVcXXfc9e8,30886,428,15,1177.0,2024,8,13,Tuesday,12:01:05,Getting Started in Azure Synapse Analytics Azure Fundamentals,Medium
Vg6ys_JvXzg,5339,223,18,5904.0,2024,8,9,Friday,15:17:26,August QA Livestream Come Ask Me Anything,Long
sge9qTf8GdY,40213,629,31,1471.0,2024,8,6,Tuesday,12:00:57,Getting Started in Azure Data Factory Azure Fundamentals,Long
9ur0OpMADuM,45332,784,30,826.0,2024,7,30,Tuesday,12:00:10,How to use Azure SQL Databases Azure Fundamentals,Medium
UTMuL_86gSQ,58508,1647,164,367.0,2024,7,25,Thursday,12:00:34,Complete Data Analyst Roadmap on Analyst Builder Become a Data Analyst Faster,Medium
sEImMaovc1Q,15491,288,11,941.0,2024,7,23,Tuesday,12:01:00,Blob Storage and Storage Accounts in Azure Azure Fundamentals,Medium
ZYps6TmBkWk,26423,535,32,397.0,2024,7,16,Tuesday,12:00:38,Azure Account Setup 200 Free Credits Azure Fundamentals,Medium
zv1nfZTYpio,15854,386,24,3592.0,2024,7,9,Tuesday,12:01:07,Building a Fully Interactive Web App using Shiny for Python,Long
rn0dSsYXhIE,6239,174,13,1448.0,2024,7,2,Tuesday,12:01:00,Shiny for Python Components and Layouts Customizing You Web App,Long
siHou7lObbo,14634,352,40,864.0,2024,6,25,Tuesday,12:00:53,Shiny for Python Setup and Install Deploying First Shiny App,Medium
wJiJXD7MVoY,13783,812,134,1279.0,2024,6,18,Tuesday,12:00:06,Is the Economy on the Brink of a Recession Lets Look at the Data,Long
BzwAZ1k3WEY,9288,386,9,1007.0,2024,6,11,Tuesday,12:00:10,Top 5 Most Common Excel Functions in Excel,Medium
5q2u8__sVhs,6593,239,17,844.0,2024,6,4,Tuesday,12:00:09,5 Awesome Excel Functions Youve Probably Never Heard Of,Medium
UJbNEH0_nGY,7847,241,11,994.0,2024,5,28,Tuesday,12:00:23,How to Create Custom Functions in Excel Lambda Functions,Medium
oz2K4HUNMW4,16649,457,28,992.0,2024,5,21,Tuesday,12:00:53,Top 5 Most Popular Functions In Microsoft Excel,Medium
Y-4ri9QjsTI,6008,92,10,2740.0,2024,5,14,Tuesday,12:00:28,Infrastructure of Analyst Builder Entire Tech Stack Part 3,Long
F5v2dRYU5IA,114813,3565,86,7480.0,2024,5,7,Tuesday,15:16:53,2 Hour Data Analyst Interview Masterclass Interview Better Than The Competition,Long
_R6K1aNtKpE,2564,65,11,2707.0,2024,5,7,Tuesday,12:00:30,Challenges of Creating Analyst Builder Challenges of a Startup Part 2,Long
5tKmTdvEAVk,6809,215,35,1367.0,2024,4,30,Tuesday,12:00:07,How We Started Analyst Builder How We Created It Part 1,Long
QYd-RtK58VQ,139003,3230,152,1964.0,2024,4,23,Tuesday,12:00:21,MySQL Exploratory Data Analysis Full Project,Long
c5ko0sedE7k,5199,229,13,4996.0,2024,4,18,Thursday,18:35:41,750k Subscriber Livestream Giveaways Songs QA,Long
4UltKCnnnTA,337604,7199,1022,3071.0,2024,4,16,Tuesday,12:00:05,Data Cleaning in MySQL Full Project,Long
BV5ckMNNvi4,9112,287,86,3374.0,2024,4,9,Tuesday,12:00:08,How to get Promoted as a Data Analyst Alex The Analyst Show Episode 26,Long
QMUZ5HfWMRc,124780,3967,149,882.0,2024,4,2,Tuesday,12:00:19,Triggers and Events in MySQL Advanced MySQL Series,Medium
7b8ViCqD9JM,30286,2220,35,52.0,2024,3,27,Wednesday,12:19:35,How to give up on the job search fast,Short
7vnxpcqmqNQ,130874,2469,88,757.0,2024,3,26,Tuesday,12:00:12,Stored Procedures in MySQL Advanced MySQL Series,Medium
uEk07jXdKOo,87862,1822,71,466.0,2024,3,19,Tuesday,12:00:56,Temp Tables in MySQL Advanced MySQL Series,Medium
UC7uvOqcUTs,150253,2442,79,631.0,2024,3,12,Tuesday,12:00:23,CTEs in MySQL Advanced MySQL Series,Medium
1KEbiqRWOkA,20122,753,50,714.0,2024,3,5,Tuesday,13:00:01,7 Mistakes to Avoid During Your Data Analyst Job Search,Medium
UOBTLzWY1vs,23058,1558,20,38.0,2024,3,1,Friday,13:43:29,DataAnalyst AnalystBuilder SQL,Short
8zOkBTs0yxs,5641,189,7,5697.0,2024,2,29,Thursday,17:10:18,QA Livestream February Livestream Ask Me Anything,Long
7NBt0V8ebGk,174747,4684,125,809.0,2024,2,27,Tuesday,13:00:08,Window Functions in MySQL Intermediate MySQL,Medium
FGC0cCAgGu0,8037,312,12,16.0,2024,2,23,Friday,13:34:27,Twitter making me tear up over here,Short
Vj6RqA_X-IE,145402,2333,93,661.0,2024,2,20,Tuesday,13:00:32,Subqueries in MySQL Intermediate MySQL,Medium
RYIiOG4LsvQ,130899,2298,116,533.0,2024,2,13,Tuesday,13:00:19,Case Statements in MySQL Intermediate MySQL,Medium
5y7tLNPVJPA,7564,245,5,9.0,2024,2,8,Thursday,13:59:09,We did our best,Short
_nf56aMPdZE,86841,1036,52,1485.0,2024,2,6,Tuesday,13:00:35,Microsoft Copilot Full Review AI in Word PowerPoint Excel and More,Long
XbDRYzYUmMo,13468,474,10,4496.0,2024,1,30,Tuesday,17:30:05,Top 5 Emerging Trends in 2024 CareerFoundry Webinar,Long
KRXSJb9ql1Y,146207,2499,81,714.0,2024,1,30,Tuesday,13:00:17,String Functions in MySQL Intermediate MySQL Series,Medium
iTQW_nDp938,140571,2500,87,442.0,2024,1,23,Tuesday,13:00:41,Unions in MySQL Intermediate MySQL,Medium
lXQzD09BOH0,298288,4211,179,1031.0,2024,1,16,Tuesday,13:00:42,Joins in MySQL Intermediate MySQL,Medium
xtC3212t4hI,32389,2152,33,57.0,2024,1,15,Monday,14:22:09,Is my background in Data Analytics,Short
KZKizyBS9YM,23541,587,23,1023.0,2024,1,11,Thursday,13:00:16,Solving VERY HARD SQL Interview Questions on Analyst Builder,Medium
I0_ca6iyo6w,31283,643,38,1286.0,2024,1,9,Tuesday,13:00:24,Solving HARD SQL Interview Questions on Analyst Builder,Long
GZS7AgQ4Ksg,15681,1039,7,30.0,2024,1,8,Monday,13:06:02,Hard Skills vs Soft Skills,Short
fT-8mRf_-Hk,34457,761,48,744.0,2024,1,4,Thursday,13:00:28,Solving Medium SQL Interview Questions on Analyst Builder,Medium
ZHaYOC0H5KE,63564,1398,58,738.0,2024,1,2,Tuesday,13:00:25,Solving Easy SQL Interview Questions on Analyst Builder,Medium
K0-8G3DgjA4,424181,16624,511,661.0,2023,12,26,Tuesday,13:00:10,How I Would Become a Data Analyst if I had to Start Over in 2024 6 Month Plan,Medium
ZnAydTqCtFU,150716,2872,94,237.0,2023,12,19,Tuesday,13:00:24,Limit Aliasing in MySQL MySQL Beginner Series,Short
qPOmj22QX04,10340,642,20,28.0,2023,12,13,Wednesday,16:12:42,Practice SQL and Python right on your Phone,Short
XD1ul5fpnGI,25320,1029,112,987.0,2023,12,12,Tuesday,13:00:21,Analyst Builder Full Launch The Learning Platform Built for Data Analysts,Medium
kifhSqep9UM,12060,475,14,16464.0,2023,12,11,Monday,19:04:05,Analyst Builder Full Launch LiveStream 20 Off Code Giveaways,Long
dCNjUOc1cBY,178559,3153,54,226.0,2023,12,5,Tuesday,13:00:35,Having vs Where in MySQL Beginner MySQL Series,Short
lEjmgE-hogg,12641,797,11,47.0,2023,11,29,Wednesday,18:00:02,Excel is Frustrating,Short
qxj3dx0c7RM,14283,432,11,4297.0,2023,11,28,Tuesday,17:36:39,7 Mistakes to Avoid in Your Data Analytics Job Search CareerFoundry Webinar,Long
zgYqUP_PhQo,238987,4060,96,646.0,2023,11,28,Tuesday,13:00:57,Group By Order By in MySQL Beginner MySQL Series,Medium
MARn_mssG4A,259647,4085,138,747.0,2023,11,21,Tuesday,13:00:24,Where Clause in MySQL Beginner MySQL Series,Medium
TGAUZQJaQbQ,26242,972,140,444.0,2023,11,14,Tuesday,13:00:21,Why Data Analysts Hate Using Excel,Medium
HYD8KjPB9F8,405475,5002,188,660.0,2023,11,7,Tuesday,13:00:11,Select Statement in MySQL Beginner MySQL Series,Medium
wgRwITQHszU,1165146,14804,1607,724.0,2023,10,31,Tuesday,12:00:54,Installing MySQL and Creating Databases MySQL for Beginners,Medium
1LG65qXfeQY,26754,989,12,4709.0,2023,10,26,Thursday,16:30:05,Python Beginner to Advanced in One Hour CareerFoundry Webinar,Long
QzLz-W29Tww,9931,436,47,657.0,2023,10,24,Tuesday,12:00:30,How to Start a Data YouTube Channel,Medium
ukIUVW2E-n0,5162,237,11,5107.0,2023,10,20,Friday,16:18:10,600k Livestream Analyst Builder Giveaways Songs My Mom is Joining,Long
aofB2t5o2ao,20328,765,272,4443.0,2023,10,17,Tuesday,12:00:04,Consulting and Freelancing in Data Analytics ATA Show Episode 25,Long
-DwpkgtJjGw,144736,7555,59,59.0,2023,10,13,Friday,13:37:21,Data Analyst vs Business Analyst,Short
h4KTy2wxYcQ,32323,853,212,1311.0,2023,10,10,Tuesday,12:00:36,First Look at Analyst Builder The AllinOne Platform for Data Analysts Beta Launch Coming Soon,Long
LaRXtE4OG9A,32329,1889,26,40.0,2023,10,9,Monday,12:11:16,DataAnalysis DataAnalyst DataRealities,Short
J0PcCv9f4JQ,17685,1309,32,58.0,2023,10,5,Thursday,12:13:45,DataAnalyst DataCareers DataAnalysis,Short
_DGn-7134i0,37663,818,44,386.0,2023,10,3,Tuesday,12:00:26,Data Analyst vs Data Engineer Responsibilities Salaries Skills Education,Medium
EflE8U30pBo,9004,284,21,5621.0,2023,9,28,Thursday,16:09:03,Data Analyst QA Livestream September Livestream Ask Me Anything,Long
j_sHaBJEHMk,14557,978,7,55.0,2023,9,28,Thursday,12:37:36,Salary DataAnalyst SalaryNegotiation,Short
xuyKzpJ2SaY,24404,512,31,179.0,2023,9,26,Tuesday,12:00:49,AI and Analytics with SAS SAS Explore Recap,Short
D0mEy6bJ2lA,9603,501,29,23.0,2023,9,25,Monday,13:13:18,My Very First Video,Short
GaoAc3-hScQ,74822,4582,33,52.0,2023,9,22,Friday,11:45:01,DataAnalyst CareerPath,Short
bxIF9X9k2IE,48147,1178,54,673.0,2023,9,19,Tuesday,12:00:34,Data Analyst vs Data Scientist Responsibilities Salaries Skills Education,Medium
z_xWpa88R0A,17731,1294,21,56.0,2023,9,18,Monday,11:38:11,Excel DataAnalyst DataAnalysis,Short
7PoZBuIUnEU,47556,1646,101,294.0,2023,9,12,Tuesday,12:00:07,Data Analyst vs Business Analyst Responsibilities Salaries Skills Education,Short
fq1-e-GbihE,20961,1487,23,53.0,2023,9,7,Thursday,11:57:32,DataAnalysis DataAnalyst,Short
Xkb6h3YXl_c,15888,705,30,582.0,2023,9,5,Tuesday,12:00:34,Hard Skills vs Soft Skills in the Data World Which is More Important,Medium
qDprq7Xbrqw,45620,1960,113,323.0,2023,8,29,Tuesday,04:00:33,Entry Level vs Mid Level vs Senior Level Data Analyst Responsibilities Salary Education Skills,Medium
UOHxb9ndpMM,11022,633,10,51.0,2023,8,28,Monday,11:53:52,DataAnalyst DataAnalysis Promotion,Short
_h_A_n8Z9QQ,21071,1402,54,60.0,2023,8,24,Thursday,11:53:05,DataAnalyst DataAnalysis,Short
_oCUSMX4_3k,11608,271,22,767.0,2023,8,22,Tuesday,12:00:35,Regular Expression Use Cases in Python,Medium
OnS01G8W6nw,8510,321,25,4365.0,2023,8,18,Friday,14:23:24,Data Analyst QA Livestream August Livestream Ask Me Anything,Long
ugkyfUTc6AU,52207,3647,52,54.0,2023,8,17,Thursday,12:35:34,DataAnalystSalary DataAnalysis,Short
eON-PNPae8Y,50213,2379,89,467.0,2023,8,15,Tuesday,12:00:34,How to Work with Recruiters on LinkedIn,Medium
41nX2ZgGzcE,38345,3091,26,60.0,2023,8,14,Monday,12:12:00,dataanalysis dataportfolio,Short
Le35Qsgs2lM,21212,1960,52,59.0,2023,8,11,Friday,13:13:22,wife careerchange dataanalysis,Short
nufF-juSZxU,8385,751,44,37.0,2023,8,9,Wednesday,13:11:45,LINK httpswwwyoutubecomplaylistlistPLUaB1hjhk8FEXZ87vPPSfHqb6OcM0cF,Short
9NB5u17qiDY,14586,246,13,638.0,2023,8,8,Tuesday,12:00:05,Regular Expression Character Classes in Python,Medium
YDvJqgBv0Uc,17565,1178,24,58.0,2023,8,3,Thursday,11:56:30,Recruiters dataanalysis data,Short
j6A28L6Tmxw,13173,320,9,1203.0,2023,8,1,Tuesday,12:00:26,Regular Expression Metacharacters in Python,Long
W_s4c1vLGXM,22102,840,45,46.0,2023,7,31,Monday,13:07:06,How much do Data Analysts make dataanalyst dataanalystsalary,Short
DWte9zjGl0I,64310,3470,47,51.0,2023,7,28,Friday,12:48:19,Do you need to learn SQL if you can do everything in Python Python dataanalysis SQL,Short
EzeeypMKx7o,23299,459,14,517.0,2023,7,25,Tuesday,12:00:19,Regular Expression Methods in Python,Medium
OISvlkfbntY,44676,1582,76,822.0,2023,7,18,Tuesday,12:00:17,What are Hiring Managers Looking For Nail the Interview Process,Medium
8dTpNajxaH0,688285,12185,478,1523.0,2023,7,11,Tuesday,12:00:07,Scraping Data from a Real Website Web Scraping in Python,Long
oreAsJTNcsA,238977,6637,120,4108.0,2023,7,6,Thursday,17:20:05,SQL Beginner to Advanced in One Hour CareerFoundry Webinar,Long
xjA1HjvmoMY,94987,2392,44,730.0,2023,7,4,Tuesday,12:00:49,Find and FindAll Web Scraping in Python,Medium
LO7hzmoHEIE,6285,383,24,6232.0,2023,6,28,Wednesday,17:11:25,500k Livestream,Long
bargNl2WeN4,229208,4006,81,418.0,2023,6,27,Tuesday,12:00:28,BeautifulSoup Requests Web Scraping in Python,Medium
q-kbzWjyPak,90499,2205,42,355.0,2023,6,20,Tuesday,12:00:43,Inspecting Web Pages with HTML Web Scraping in Python,Medium
PExdWWcxmro,231977,5675,101,464.0,2023,6,13,Tuesday,12:00:16,Best Places to Find Datasets for Your Projects,Medium
Liv6eeb1VfE,203409,4492,243,1933.0,2023,6,6,Tuesday,12:00:14,Exploratory Data Analysis in Pandas Python Pandas Tutorials,Long
fHK4nHbUtj0,10268,363,20,5548.0,2023,5,30,Tuesday,16:34:20,Data Analyst QA Livestream May Livestream Ask Me Anything,Long
5l2d_Rv0odE,337804,6201,168,443.0,2023,5,29,Monday,12:00:07,What is Microsoft Fabric New Data Analytics Platform,Medium
bDhvCp3_lYw,460353,10766,501,2317.0,2023,5,23,Tuesday,12:30:17,Data Cleaning in Pandas Python Pandas Tutorials,Long
IMU1V-JugKo,59045,1874,52,4248.0,2023,5,16,Tuesday,16:18:56,The Ultimate Data Analytics Career Plan for 2023 CareerFoundry Webinar,Long
FpgkpjSyBOw,46700,1381,376,4352.0,2023,5,15,Monday,12:30:11,State of AI in Analytics Will AI be the End of Data Analysts,Long
6jtS3Hz19kc,33389,799,80,521.0,2023,5,12,Friday,12:15:00,Google Bard Got An Upgrade Googles New AI Announcements,Medium
JpSMse3eVVg,100953,2215,47,1010.0,2023,5,9,Tuesday,11:30:06,Creating Visualizations using Pandas Library Python Pandas Tutorials,Medium
TPivN7tpdwc,159498,3428,84,1329.0,2023,5,2,Tuesday,12:06:33,Merging DataFrames in Pandas Python Pandas Tutorials,Long
kky9MMydnOA,10328,338,27,5944.0,2023,4,27,Thursday,16:32:02,Data Analyst QA Livestream April Livestream Ask Me Anything,Long
2izXQUoXyjA,66378,1253,59,481.0,2023,4,25,Tuesday,11:30:01,How to Integrate ChatGPT in Jupyter Notebooks for Free,Medium
zilfrWwbteQ,39410,1078,31,4135.0,2023,4,18,Tuesday,16:18:50,7 Ways to Use ChatGPT for Analytics Webinar,Long
PJINexERxOs,47066,1276,74,424.0,2023,4,18,Tuesday,11:30:08,Google Business Intelligence Professional Certification Review,Medium
gTf2GLEhKgA,161118,4549,410,695.0,2023,4,10,Monday,11:30:21,Google Advanced Data Analytics Professional Certificate First Look Is it Worth it,Medium
VRmXto2YA2I,128742,3091,137,665.0,2023,4,4,Tuesday,11:30:10,Group By and Aggregate Functions in Pandas Python Pandas Tutorials,Medium
6yNsc7JVPJE,39808,1797,82,534.0,2023,3,28,Tuesday,11:30:04,Top 5 Biggest Mistakes Beginner Data Analysts Make,Medium
mBCG9J1TVTc,80805,1814,53,682.0,2023,3,21,Tuesday,11:30:30,Indexes in Pandas Python Pandas Tutorials,Medium
WizLaDdsHUs,241424,6490,255,1057.0,2023,3,14,Tuesday,11:30:10,Create the Perfect Data Analyst Resume Free Templates,Medium
kB7FV-ijdqE,130372,2685,69,709.0,2023,3,7,Tuesday,12:30:30,Filtering Columns and Rows in Pandas Python Pandas Tutorials,Medium
dFA0E-6xT_M,11214,392,33,5296.0,2023,3,2,Thursday,16:27:46,Data Analyst QA Livestream March Livestream Ask Me Anything,Long
dUpyC40cF6Q,264928,4256,125,1157.0,2023,2,28,Tuesday,12:30:18,Reading in Files in Pandas Python Pandas Tutorials,Medium
gs0FNQR0njI,85876,1865,101,1011.0,2023,2,21,Tuesday,12:32:29,Building an Automated File Sorter in File Explorer using Python Python Projects for Beginners,Medium
C75TROiiEa0,449551,8305,221,1867.0,2023,2,14,Tuesday,12:30:08,ChatGPT for Data Analysts Best Use Cases Analyzing a Dataset,Long
rGx1QNdYzvs,2173592,50387,1965,412.0,2023,2,7,Tuesday,12:30:11,FREE Data Analyst Bootcamp,Medium
CUBfrdDwznQ,1404241,45449,1418,839.0,2023,1,31,Tuesday,12:30:06,How to Become a Data Analyst in 2023 Completely FREE,Medium
L-QnW_BZT3c,17831,633,23,4217.0,2023,1,25,Wednesday,17:14:49,Live Portfolio Review with Alex the Analyst Live Webinar,Long
S76iS03nGis,41794,1478,120,769.0,2023,1,24,Tuesday,12:30:13,DIY Data Analyst Curriculum using Udemy Under 75,Medium
RBEgsEVO3T8,29677,863,49,1356.0,2023,1,17,Tuesday,12:30:08,Reviewing Maven Analytics Free Portfolio Website,Long
gCG07l6Fu-U,46669,1353,36,4650.0,2023,1,16,Monday,17:25:08,5 Study Hacks for Beginner Data Analysts Live Webinar,Long
DXwFsxCtukg,65746,3030,222,752.0,2023,1,10,Tuesday,12:30:03,DIY Data Analyst Curriculum using Coursera in 2023,Medium
ey1VNjU0YbM,106861,2158,92,863.0,2023,1,3,Tuesday,12:30:12,Building a BMI Calculator with Python Python Projects for Beginners,Medium
0MKcCHrTo0c,12623,337,13,564.0,2022,12,27,Tuesday,13:00:00,Reading Writing and Appending Files in Python Python for Beginners,Medium
bVJfQAe-UP4,158268,8700,855,463.0,2022,12,20,Tuesday,12:00:33,Why I Quit my 125k Analytics Job,Medium
_2OknmkngkQ,5113,166,15,4968.0,2022,12,17,Saturday,14:16:05,Data Analyst QA Livestream Special Guest December Livestream,Long
B63bN2cLVLM,63950,1644,40,396.0,2022,12,13,Tuesday,12:00:06,Converting Data Types in Python Python for Beginners,Medium
zvzjaqMBEso,106343,2244,45,764.0,2022,12,6,Tuesday,12:00:36,Functions in Python Python for Beginners,Medium
ECduJk00mUU,101220,2393,40,340.0,2022,11,29,Tuesday,12:00:07,While Loops in Python Python for Beginners,Medium
zmIdC0_0BgY,92855,2019,38,557.0,2022,11,22,Tuesday,12:00:48,For Loops in Python Python for Beginners,Medium
eP8-mo5jRrY,6314,199,18,3737.0,2022,11,16,Wednesday,02:06:22,Data Analyst QA Livestream November Livestream,Long
-BOBedcjySI,78380,1859,33,400.0,2022,11,15,Tuesday,12:00:00,If Else Statements in Python Python for Beginners,Medium
lPVke-p4S7s,78164,1902,22,435.0,2022,11,8,Tuesday,12:00:35,Comparison Logical and Membership Operators in Python Python for Beginners,Medium
ppsCxnNm-JI,184686,4007,91,1318.0,2022,11,1,Tuesday,11:00:37,Data Types in Python Python for Beginners,Long
rVhHGPDzEck,5747,181,11,4498.0,2022,10,31,Monday,01:22:29,Data Analyst QA Livestream October Livestream,Long
pHOH7UfOhbE,170228,3492,83,797.0,2022,10,25,Tuesday,11:00:27,Variables in Python Python for Beginners,Medium
sXHIIW3Wt84,5280,242,21,5064.0,2022,10,19,Wednesday,10:56:23,300k Livestream Giveaways for People in Chat Bring Your Wine,Long
WUeBzT43JyY,551095,7786,208,603.0,2022,10,18,Tuesday,11:00:30,Installing Jupyter NotebooksAnaconda Python for Beginners,Medium
DVs9u15htXU,9703,333,21,1326.0,2022,10,13,Thursday,11:00:07,Interviewing Tina Huang Fellow YouTuber and Data Enthusiast,Long
zW3qJUeJLWc,7689,336,31,1466.0,2022,10,11,Tuesday,11:00:42,Interviewing Luke Barousse ArchNemesis and Fellow YouTuber,Long
m1AkWK_ODLM,16370,695,84,335.0,2022,10,4,Tuesday,10:30:09,When Best Friends Work Together ft Luke Barousse,Medium
Pfq-8pGzgg4,6800,212,8,5588.0,2022,10,1,Saturday,01:48:31,Data Analyst Live Stream Riding out Hurricane Ian,Long
pixlHHe_lNQ,573226,10521,553,2557.0,2022,9,27,Tuesday,10:30:19,Full Power BI Guided Project Microsoft Power BI for Beginners,Long
3NV5Jtbhfcw,181059,3684,78,854.0,2022,9,20,Tuesday,10:30:00,Popular Visualizations in Power BI Microsoft Power BI for Beginners,Medium
1cfrQLoJMPI,60604,2182,96,501.0,2022,9,13,Tuesday,10:30:00,Guided Portfolio Projects on Coursera Python SQL Excel Power BI and Tableau,Medium
9j_EBt3RNrs,148598,3090,57,571.0,2022,9,6,Tuesday,10:30:02,How to use Bins and Lists in Power BI Microsoft Power BI for Beginners,Medium
m0h3Ghl6mgY,247207,3631,66,594.0,2022,8,30,Tuesday,10:30:10,How to use Conditional Formatting in Power BI Microsoft Power BI for Beginners,Medium
50D__p6jdEI,77624,2067,78,4249.0,2022,8,24,Wednesday,16:15:29,Top 8 Mistakes Beginner Data Analysts Make CareerFoundry Webinar,Long
tRCGGlMI19M,7486,258,15,1735.0,2022,8,23,Tuesday,10:30:19,Interviewing Ken Jee The Face of Data Science on YouTube,Long
0QZBnhofU_U,28978,681,131,1361.0,2022,8,16,Tuesday,10:30:00,CareerFoundry Data Analytics Bootcamp Review Bootcamp Intro Free Course Review,Long
ulFY20KTzFQ,291607,4779,95,362.0,2022,8,9,Tuesday,10:30:11,How to use Drill Down in Power BI Microsoft Power BI for Beginners,Medium
PEc29sRZoTM,20922,875,75,566.0,2022,8,2,Tuesday,10:30:05,Best Courses for Alternative Analyst Jobs Marketing Analyst Business Analyst Financial Analyst,Medium
DlEkWd-8VXA,4170,156,11,4539.0,2022,7,26,Tuesday,13:19:48,250k Subscriber Live Stream,Long
vcijg0gUXSg,316932,5798,236,944.0,2022,7,26,Tuesday,10:30:12,How to use DAX in Power BI Microsoft Power BI for Beginners,Medium
gCg47n_TlFc,22056,610,123,2954.0,2022,7,19,Tuesday,10:30:06,Tech Layoffs and Hiring Freezes The Great Resignation Alex The Analyst Show Episode 23,Long
sW5LoDA1ssM,404606,6512,165,516.0,2022,7,12,Tuesday,10:30:22,How to Create and Manage Relationships in Power BI Microsoft Power BI for Beginners,Medium
4nsdARJGzJ0,26541,820,63,895.0,2022,7,5,Tuesday,10:30:01,Machine Learning Specialization on Coursera Review,Medium
_QvQxm4dptI,39982,1011,104,1146.0,2022,6,28,Tuesday,10:30:07,Meta Marketing Analytics Professional Certificate on Coursera Review,Medium
HX2TabgkzHo,45777,1639,132,612.0,2022,6,21,Tuesday,10:30:09,Googles Secret Hiring Platform Found in the Google Data Analytics Certification,Medium
gP-AxNi6uxo,527799,7857,128,787.0,2022,6,14,Tuesday,10:30:08,How to use Power Query in Power BI Microsoft Power BI for Beginners,Medium
KB2CtEDrglY,87274,1417,125,3074.0,2022,6,7,Tuesday,10:30:10,Automating Crypto Website API Pull Using Python Data Analyst Project,Long
2HfSFdPEFRg,65915,1950,91,841.0,2022,5,31,Tuesday,10:30:01,How to use a Public API Using a Public API with Python,Medium
g0m5sEHPU-s,789454,12647,319,770.0,2022,5,24,Tuesday,10:30:06,How to Install Power BI Building First Visualization Microsoft Power BI for Beginners,Medium
Q7i6zxHVj2Q,169637,3412,288,965.0,2022,5,17,Tuesday,10:30:06,MySQL vs Postgresql vs Microsoft SQL Server Management Tools Which Option is Best,Medium
ddn-2r1j_OU,33577,1674,155,400.0,2022,5,10,Tuesday,10:30:05,Top 3 Tips to Stop Procrastinating to be Successful,Medium
Pf-9pjJK1e0,66885,1946,69,355.0,2022,5,3,Tuesday,10:30:03,SQL vs NoSQL Whats the Difference,Medium
-bSkREem8dM,962218,24648,344,322.0,2022,4,26,Tuesday,10:30:00,Database vs Data Warehouse vs Data Lake What is the Difference,Medium
xKdtP3IZbnU,12025,326,161,2610.0,2022,4,20,Wednesday,10:30:09,How I Manage My Time Working 60 Hours Per Week Alex The Analyst Show Episode 22,Long
GsAXOr715AU,3185,133,11,4892.0,2022,4,14,Thursday,13:29:42,200k Livestream Shaving Puppies Giveaway,Long
2JnlQ8jwWbE,36676,1515,200,634.0,2022,4,12,Tuesday,10:30:00,Things I HATE About Being a Data Analyst,Medium
hNTNZ00cZig,20378,688,56,1305.0,2022,4,5,Tuesday,10:30:07,Best Website to Practice Technical Interview Questions,Long
gz2j5NBESSs,7185,276,159,2930.0,2022,3,29,Tuesday,10:30:17,Pros and Cons of Working Remote Alex The Analyst Show Episode 21,Long
opJgMj1IUrc,1066592,21884,1230,2450.0,2022,3,22,Tuesday,10:30:15,Full Project in Excel Excel Tutorials for Beginners,Long
yRWkSKRYCaI,22342,823,72,990.0,2022,3,15,Tuesday,10:30:18,Top 5 NonTechnical Skills for Data Analysts,Medium
_jmiEGZ6PIY,715658,14319,353,1264.0,2022,3,1,Tuesday,11:30:14,Cleaning Data in Excel Excel Tutorials for Beginners,Long
4A8LV6fObYA,72077,1679,130,769.0,2022,2,22,Tuesday,11:30:01,Tableau Data Analyst Certification Review,Medium
MPENhkuSo0Q,26584,1021,94,732.0,2022,2,15,Tuesday,11:30:07,Job Title Alternatives for Data Analysts,Medium
3irO29PJQHs,125082,5837,219,572.0,2022,2,8,Tuesday,11:30:01,Best Coursera Courses for Data Analysts in 2022,Medium
uHJFJUIYNAo,21180,720,61,450.0,2022,2,1,Tuesday,11:30:10,Understanding Your Data Analyst Salary Offer What To Know Before Accepting,Medium
gMAHXrty6wI,191710,4495,92,911.0,2022,1,25,Tuesday,11:30:18,Charts in Excel Excel Tutorials for Beginners,Medium
BIUFr9srS78,23539,867,361,2944.0,2022,1,18,Tuesday,11:30:02,How I became a Data Analytics Manager Alex The Analyst Show Episode 20,Long
_eZRkmRfVTM,266874,5356,130,1259.0,2022,1,11,Tuesday,11:30:08,Conditional Formatting in Excel Excel Tutorials for Beginners,Long
s3JmRxs53W4,3500,159,7,5138.0,2022,1,10,Monday,14:59:31,150k Subscriber Livestream,Long
yDG5KiiOZcQ,498483,21892,629,780.0,2022,1,4,Tuesday,11:30:11,How To Become A Data Analyst In 2022,Medium
Z7hPEwCzk2s,321156,6421,252,1127.0,2021,12,28,Tuesday,11:30:06,XLOOKUP in Excel Excel Tutorials for Beginners,Medium
XRPyj7cKVsQ,524135,10586,524,2034.0,2021,12,21,Tuesday,11:30:07,Formulas in Excel Excel Tutorials for Beginners,Long
lH7HfwUFnYA,1043234,20457,474,1055.0,2021,12,14,Tuesday,11:30:07,Pivot Tables in Excel Excel Tutorials for Beginners,Medium
zOR0-nygfDE,353584,6726,516,2658.0,2021,12,7,Tuesday,11:30:11,Full Beginner Project in Tableau Tableau Tutorials for Beginners,Long
A4SVUF-fTwc,179290,4537,75,869.0,2021,11,23,Tuesday,11:30:02,How to use Joins in Tableau Tableau Tutorials for Beginners,Medium
FnTunxd8tAM,18462,955,71,421.0,2021,11,18,Thursday,11:30:08,Top 5 Major Red Flags in Job Descriptions,Medium
-_z_aphWSEo,11707,914,108,198.0,2021,11,8,Monday,11:30:01,Truth About My Job Song As a Data Analyst,Short
pL0jEjeM5hI,11456,343,34,1220.0,2021,10,26,Tuesday,10:00:23,How to Grow Your Analytics Career Alteryx Webinar Oct 2021 Tips to Break Into Analytics,Long
eg_5EAUXs5o,20811,989,77,521.0,2021,10,19,Tuesday,10:00:16,Choosing a Domain to Make More Money,Medium
ebjDwX8sUMk,220977,4782,221,845.0,2021,10,5,Tuesday,11:30:14,How to Create Visualizations in Tableau Tableau Tutorials for Beginners,Medium
f6qxxtWkaUg,286050,5864,104,385.0,2021,9,28,Tuesday,11:30:07,How to use Calculated Fields and Bins in Tableau Tableau Tutorials for Beginners,Medium
6xv1KvCMF1Q,915747,20066,453,1024.0,2021,9,21,Tuesday,11:30:01,How to Install Tableau and Create First Visualization Tableau Tutorials for Beginners,Medium
465x3JmMJYU,17523,710,114,291.0,2021,9,7,Tuesday,11:30:01,How NOT to Become a Data Analyst Funny,Short
Ns1ZpTxQnUE,2686,238,96,396.0,2021,8,31,Tuesday,11:30:04,100k Subscriber Play Button Unboxing,Medium
HiOtQMcI5wg,315976,6902,712,2834.0,2021,8,24,Tuesday,11:30:01,Amazon Web Scraping Using Python Data Analyst Portfolio Project,Long
CUa30M_FPhk,100292,2647,157,1389.0,2021,8,17,Tuesday,11:30:01,Interviewing with PwC for a Senior Data Analyst Position,Long
DKrSgSy6F1o,4751,191,26,3728.0,2021,8,13,Friday,14:38:59,100k Livestream Announcing Giveaway Winners Trimming Mustache Answering Questions,Long
_zxPx1PQCqI,143361,4393,481,959.0,2021,8,11,Wednesday,11:30:05,I Am No Longer a Data Analyst Turning Down PwC New Job,Medium
UGF49YZZRNc,92682,4815,245,251.0,2021,7,21,Wednesday,11:30:04,When To Start Applying To Your First Data Analyst Job,Short
aLp-6C-p-T0,130992,5621,362,211.0,2021,7,13,Tuesday,11:30:00,Why You Need to Stop Taking Courses From an ExCourse Addict,Short
ocdwh0KYeUs,771493,16809,842,2129.0,2021,6,29,Tuesday,11:30:13,How to Create a Portfolio Website for FREE,Long
iPYVYBtUTyE,204911,3501,529,3645.0,2021,6,22,Tuesday,11:30:05,Data Analyst Portfolio Project Correlation in Python Project 44,Long
dMHWOhgzUhU,496050,21125,611,457.0,2021,6,8,Tuesday,11:30:12,How To Get a Data Analyst Job with No Experience,Medium
A-LkxegXFX8,6453,245,108,1585.0,2021,6,3,Thursday,11:30:01,My Wife Answers Subscribers Questions About Me Alex The Analyst Show Episode 19,Long
RJw-GSXXguA,34424,887,86,623.0,2021,6,1,Tuesday,11:30:03,Favorite Tableau and Power BI Courses on Udemy,Medium
8rO7ztF4NtU,460761,8502,888,3284.0,2021,5,25,Tuesday,11:30:01,Data Analyst Portfolio Project Data Cleaning in SQL Project 34,Long
QILNlRvJlfQ,417883,6438,471,3137.0,2021,5,18,Tuesday,11:30:04,Data Analyst Portfolio Project Tableau Visualization Project 24,Long
SVv0WwPzaUg,3782,195,55,757.0,2021,5,11,Tuesday,11:00:08,Asking My Family What I Do For a Living,Medium
qfyynHBFOsM,2214235,37563,4398,4629.0,2021,5,4,Tuesday,11:00:31,Data Analyst Portfolio Project SQL Data Exploration Project 14,Long
m1KcNV-Zhmc,439119,9276,245,517.0,2021,4,20,Tuesday,11:00:32,Advanced SQL Tutorial Subqueries,Medium
IZRe0nwkuXc,22462,819,141,1145.0,2021,4,15,Thursday,11:00:06,Data Analyst QA 6 Why Am I Not a Data Scientist,Medium
9RRQtNnq3s0,377565,12576,634,358.0,2021,4,13,Tuesday,11:00:04,Google vs IBM Data Analytics Certificates Which is Better,Medium
qewHAdfzLOw,28491,964,85,748.0,2021,4,6,Tuesday,11:00:12,Data Analyst Reacts How to Go From Data Analyst to Data Scientist,Medium
bHssBHfHWmU,204155,4293,332,930.0,2021,3,30,Tuesday,11:00:18,Laptops for Data Analysts Specifications Recommendations,Medium
A4OVjWeVb10,63663,1870,83,399.0,2021,3,23,Tuesday,11:00:02,Best Machine Learning Courses on Coursera,Medium
SIseim20_Dc,16516,485,118,1687.0,2021,3,18,Thursday,11:00:08,Will Data Analysts Be Automated Alex The Analyst Episode 18,Long
NrBJmtD0kEw,502129,8516,204,375.0,2021,3,16,Tuesday,11:00:07,Advanced SQL Tutorial Stored Procedures Use Cases,Medium
wnapnTAMj68,371966,11213,1165,874.0,2021,3,12,Friday,12:00:17,Google Data Analytics Professional Certificate Its Finally Here,Medium
duMcYRtQITA,51820,2357,314,464.0,2021,3,4,Thursday,12:15:01,Google Data Analytics Certificate Coming Out Soon,Medium
QG1fo7LFesA,25147,588,77,2436.0,2021,3,2,Tuesday,12:00:08,Reviewing Your Data Analyst Resumes Part 2,Long
pYRG5X7110M,128810,3123,93,372.0,2021,2,25,Thursday,12:00:13,Best Course to Learn Statistics for Data Analysis,Medium
NViKsiGP4TY,25758,432,46,1040.0,2021,2,23,Tuesday,12:00:19,DataQuest Review Is it Worth it,Medium
1gdKC5O0Pwc,240579,5256,419,711.0,2021,2,16,Tuesday,12:00:00,R vs Python Which is Better for Data Analysis,Medium
GQj6_6V_jVA,191381,4641,156,829.0,2021,2,4,Thursday,12:00:04,Advanced SQL Tutorial String Functions Use Cases,Medium
RF0LE3hYFrI,277054,5936,148,619.0,2021,2,2,Tuesday,12:00:13,Advanced SQL Tutorial Temp Tables,Medium
8o-O6pR6yAE,5333,173,22,4910.0,2021,1,30,Saturday,15:33:41,IBM Data Analyst Certificate Study Session,Long
eFDbE5Yunj0,135753,3314,308,446.0,2021,1,26,Tuesday,12:00:22,IBM Data Analyst Professional Certificate by Coursera Is it Worth it,Medium
D9bNctNnAig,210676,4259,274,975.0,2021,1,21,Thursday,12:00:03,DataCamp Review Is it Worth it,Medium
VsztBAEtC7c,56522,1386,119,518.0,2021,1,19,Tuesday,12:00:09,Best Python Course for Data Analysts,Medium
T3KMZoXrVTQ,35021,1410,172,351.0,2021,1,12,Tuesday,12:00:07,Top 5 Data Analyst Skills,Medium
tJaDicmRW7s,15550,500,146,1665.0,2021,1,7,Thursday,12:00:28,Best Industries for Data Analysts in 2021 Alex The Analyst Show Episode 17,Long
hfRcaRw_atI,106820,2632,73,328.0,2021,1,5,Tuesday,12:00:10,Top 5 Data Analyst Interview Mistakes,Medium
aPDOGxrONy0,1585,140,101,217.0,2020,12,31,Thursday,12:00:01,2020 Year End Review Upcoming Giveaway Details,Short
w25ZjL0OqT4,42366,1212,137,3086.0,2020,12,24,Thursday,12:00:19,Data Analyst Resume Everything You Need to Know Alex The Analyst Show Episode 16,Long
EWPeAXrF3zg,12183,252,33,1286.0,2020,12,22,Tuesday,12:00:04,Solving Medium Level SQL LeetCode Questions Part 23,Long
ru0Xdvxd37Q,47500,1559,209,1600.0,2020,12,17,Thursday,12:00:12,Entry vs Mid vs Senior Level Data Analyst Alex The Analyst Show Episode 15,Long
BAVPAYWAoC4,87267,2830,147,399.0,2020,12,15,Tuesday,12:00:08,Data Engineer vs Data Analyst Which Is Right For You,Medium
whgwEwA5SHU,3159,98,55,1571.0,2020,12,10,Thursday,12:00:30,How to Find Out Your Coworkers Salary Alex The Analyst Show Episode 14,Long
K1WeoKxLZ5o,410551,6373,197,224.0,2020,12,8,Tuesday,12:00:05,Advanced SQL Tutorial CTE Common Table Expression,Short
0HRgbb1PcDQ,23332,739,190,1628.0,2020,12,3,Thursday,12:00:00,Data Analyst Salary Expectations Bonuses 401K ESPP Alex The Analyst Show Episode 13,Long
D6XNlTfglW4,312504,6949,204,254.0,2020,12,1,Tuesday,12:04:43,Intermediate SQL Tutorial Partition By,Short
MQ5UUNjWgug,4915,131,18,5371.0,2020,11,28,Saturday,17:07:30,Data Analyst QA LIVE 5 AMA,Long
JikLVP9DkPs,24917,886,162,1603.0,2020,11,25,Wednesday,11:00:05,Completely REALISTIC Jobs on LinkedIn Alex The Analyst Show Episode 12,Long
yzqpYs7dIqY,14710,572,207,1329.0,2020,11,19,Thursday,15:00:26,Completely Unrealistic Jobs on LinkedIn Alex The Analyst Show Episode 11,Long
7uH7_DThtX0,353727,12359,253,410.0,2020,11,17,Tuesday,14:11:52,Top 3 Tips on Using LinkedIn to Land a Job,Medium
GGLF2jLo8J4,3942,122,81,1355.0,2020,11,12,Thursday,12:34:08,What is No Code Analytics Alex The Analyst Show Episode 10,Long
BGBXnNvWdQ4,27862,709,66,1633.0,2020,11,10,Tuesday,15:02:50,Solving LeetCode SQL Interview Questions Part 13,Long
PurMLMKNX0I,14004,396,118,3236.0,2020,11,5,Thursday,15:43:17,What is Analytics Consulting With John Ariansen Alex The Analyst Show Episode 9,Long
pvxNYyJuiqA,78062,3607,269,286.0,2020,11,3,Tuesday,15:13:12,Data Analyst Skills Path What Skills You NEED to Know,Short
rZpfNh28nFI,3572,104,25,4151.0,2020,10,30,Friday,15:13:53,Data Analyst QA LIVE 4,Long
brxnKIy6Cek,14556,565,223,1775.0,2020,10,27,Tuesday,16:06:53,Asking My Wife Your Questions About Me Alex The Analyst Show Episode 8,Long
ySq0cgkZiX4,198881,5220,304,657.0,2020,10,22,Thursday,15:14:21,Top 10 Udemy Courses for Data Analysts,Medium
aJ9Q10v8Nrc,180324,6206,986,1997.0,2020,10,20,Tuesday,14:08:32,Data Analyst Certifications Are They Worth It Alex The Analyst Show Episode 7,Long
C2ik_qR5GOU,4885,182,74,1762.0,2020,10,15,Thursday,15:33:32,Working at a Startup vs Fortune 500 Company Alex The Analyst Show Episode 6,Long
mLUzFXPPa4I,116284,4937,288,633.0,2020,10,13,Tuesday,14:40:18,Top 10 Coursera Courses for Data Analysts,Medium
XmFhpoS6Etk,7648,376,176,1556.0,2020,10,8,Thursday,14:26:27,Imposter Syndrome in Tech Alex The Analyst Show Episode 5,Long
1xT68oeQTd0,76003,2796,187,236.0,2020,10,6,Tuesday,14:52:33,Data Analyst Expectations vs Reality,Short
eTsHJoMmhYQ,7406,254,161,1566.0,2020,10,1,Thursday,13:53:17,Covid and the Data Analyst Job Market Alex The Analyst Show Episode 4,Long
8SolrjsGqzE,45929,1522,717,1680.0,2020,9,24,Thursday,15:29:17,Self Taught vs Boot Camp vs Degree Alex The Analyst Show Episode 3,Long
SKsjWzzz4mY,14923,619,82,224.0,2020,9,22,Tuesday,13:03:29,Top 5 Reasons Youll Be a Good Data Analyst,Short
Z2AachB309o,418522,12161,3820,2454.0,2020,9,10,Thursday,13:16:00,How I Changed Careers to Become a Data Analyst Alex The Analyst Show Episode 2,Long
_gP-DH0iZLw,44802,1316,73,173.0,2020,9,8,Tuesday,14:15:55,Top 5 Reasons Data Analytics is a Good Career Choice,Short
-Inc1be4zSg,22544,711,85,1624.0,2020,9,3,Thursday,15:38:28,The Hiring Process from an Interviewers Perspective Alex The Analyst Show Episode 1,Long
CsMh7Ykmnw4,12598,212,119,237.0,2020,9,1,Tuesday,12:29:45,Top 5 Reasons Not to Lie on Your Resume,Short
ho2vzKPAD50,3137,101,43,3738.0,2020,8,29,Saturday,14:37:52,Live Data Analyst QA 3,Long
5MZo2RoS8Yo,131872,4659,270,522.0,2020,8,20,Thursday,13:46:16,Data Analyst Career Path How to Become a Data Analyst What to Do Next,Medium
M2ySRYpo9S0,927779,19742,1047,318.0,2020,8,12,Wednesday,14:52:19,Top 5 Reasons Not to Become a Data Analyst,Medium
ncXgqGePvwI,35388,581,93,346.0,2020,8,5,Wednesday,13:14:01,Data Analyst Bootcamps Are They Worth It,Medium
ywZXpfdqg1o,1067480,20465,515,258.0,2020,7,29,Wednesday,13:48:00,What Does a Data Analyst Actually Do,Short
IqQCBytyATo,5011,180,67,349.0,2020,7,22,Wednesday,14:35:55,Data Analyst Question and Answer Answering Your YouTube Questions,Medium
MpIi4HtCiVk,55525,1390,159,402.0,2020,7,15,Wednesday,14:00:20,Scraping Data Off Twitter Using Python Twitterscraper NLP Data Visualization,Medium
G4syHs3M82E,796851,19951,592,280.0,2020,7,3,Friday,14:17:52,Data Analyst vs Business Analyst Which Is Right For You,Short
appOFpF2pFg,58173,2758,95,299.0,2020,6,23,Tuesday,13:55:50,Best Free Online Courses for Data Analysts,Short
B2SPC3Wz1R8,189209,9593,426,525.0,2020,6,17,Wednesday,14:57:22,Best Online Courses for Data Analysts,Medium
fUpChfNN5Uo,797565,24400,862,467.0,2020,6,10,Wednesday,15:49:15,Data Scientist vs Data Analyst Which Is Right For You,Medium
Dk7he_yEs4U,156851,4106,105,372.0,2020,6,4,Thursday,14:00:10,Intermediate SQL Tutorial Aliasing,Medium
LJtFgnHGAos,12352,271,54,3105.0,2020,5,31,Sunday,13:54:38,Data Analyst QA LIVE,Long
ziurEoqEcO4,27924,862,27,337.0,2020,5,27,Wednesday,15:13:50,Data Analyst Interviews Salary Negotiation,Medium
rLKC--8UYSw,79393,1887,36,469.0,2020,5,20,Wednesday,14:03:02,Data Analyst Interview Questions What To Say vs What NOT To Say,Medium
sua7xKN0cPc,136060,3456,112,482.0,2020,5,13,Wednesday,15:00:26,SQL Interview Questions and Answers for Beginners Data Analyst Interview Questions,Medium
fweZQqB0nwQ,87151,1706,60,464.0,2020,5,6,Wednesday,15:20:18,Data Analyst Interview Questions Phone InPerson Interview Questions,Medium
oXAwKZWfbW0,15545,521,52,415.0,2020,4,23,Thursday,13:08:33,Day in the Life of a Data Analyst Fortune 500 Edition During Quarantine,Medium
bhnrIforc7s,160309,3540,142,277.0,2020,4,16,Thursday,12:58:52,Intermediate SQL Tutorial UpdatingDeleting Data,Short
tYBOMw7Ob8E,195212,4947,92,211.0,2020,4,9,Thursday,16:01:02,Intermediate SQL Tutorial Having Clause,Short
Twusw__OzA8,319762,7612,439,446.0,2020,4,2,Thursday,15:16:37,Intermediate SQL Tutorial Case Statement Use Cases,Medium
lYKkro6rKm0,277914,5278,115,325.0,2020,3,26,Thursday,16:51:37,Intermediate SQL Tutorial Unions Union Operator,Medium
9URM1_2S0ho,573932,9469,476,953.0,2020,3,19,Thursday,15:40:58,Intermediate SQL Tutorial InnerOuter Joins Use Cases,Medium
qzZU6LAtIig,126701,2585,261,260.0,2020,3,11,Wednesday,13:44:54,Day in the Life of a Data Analyst Fortune 500 Edition,Short
LXwfzIRD-Ds,342660,8353,235,489.0,2020,3,3,Tuesday,15:06:36,SQL Basics Tutorial For Beginners Group By Order By Statements 44,Medium
A9TOuDZTPDU,361044,6218,156,478.0,2020,3,2,Monday,16:01:01,SQL Basics Tutorial For Beginners Where Statement 34,Medium
PyYgERKq25I,527045,7525,307,374.0,2020,3,1,Sunday,17:02:28,SQL Basics Tutorial For Beginners Select From Statements 24,Medium
RSlqWnP-Dy8,1481461,18768,2057,577.0,2020,3,1,Sunday,00:50:38,SQL Basics Tutorial For Beginners Installing SQL Server Management Studio and Create Tables 14,Medium
9o9loJpG-t4,26086,853,162,454.0,2020,2,26,Wednesday,15:11:22,Data Analyst Fact Check 84k Average Starting Salary The Career Force 2020 Data Analyst Salary,Medium
Lacbh0VoT3g,27351,557,41,1070.0,2020,2,24,Monday,16:34:51,Data Analyst Resume Reviewing YOUR Data Analyst Resumes,Medium
oZKs2xMbXQE,8318,159,26,224.0,2020,2,19,Wednesday,15:43:59,Data Analyst Salary in 2020,Short
N8f7NtDpbxA,15211,648,39,360.0,2020,2,14,Friday,18:03:34,Working With a Recruiter to Land Your First Job as a Data Analyst LinkedIn Recruiters,Medium
wcKzdRVsMOw,50946,1827,252,251.0,2020,2,11,Tuesday,15:03:18,Switching Careers to Become a Data Analyst How I Made the Switch,Short
Ns-8Jsa3mEM,126981,3613,104,678.0,2020,2,6,Thursday,16:00:52,Data Analyst Resume Complete Guide To Creating A Data Analyst Resume Tips Templates Examples,Medium
4rfr6A3lO-Y,82626,1780,63,453.0,2020,1,30,Thursday,14:07:55,Data Analyst Resume Reviewing My Resume Fortune 500 Data Analyst,Medium
OTq2NRy_AGs,16068,432,23,350.0,2020,1,25,Saturday,16:38:39,Working at a Big Company Vs Small Company Told by a Fortune 500 Data Analyst,Medium
ya28cb3zFGE,66384,2247,220,303.0,2020,1,23,Thursday,03:16:09,Data Analyst Salary 100k with No Experience,Medium
Hsi2BG0SOiQ,9853,356,20,345.0,2020,1,21,Tuesday,03:52:15,Truth About Big Companies Told by a Fortune 500 Data Analyst,Medium
6lQzbk6_OTw,31408,1485,141,160.0,2020,1,17,Friday,14:31:39,Top 3 Data Analyst Skills in 2020,Short
